epoch,learning_rate,step,train_loss_epoch,train_loss_step,val_loss
0,,33,,,0.9135885238647461
0,0.0009999999310821295,33,0.9326622486114502,,
1,,49,,1.0275005102157593,
1,,67,,,0.8425741195678711
1,0.0009999999310821295,67,0.8764765858650208,,
2,,99,,0.8404512405395508,
2,,101,,,0.8838027715682983
2,0.0009999999310821295,101,0.8836458325386047,,
